,id,name,region
0,619e638ef8090ec74528dc29,AIPX Gaming,AF
1,619e5eedf8090ec74528db8e,ALFA One,AF
2,616dad97f8090ec74528870b,ARCHANGELS,AF
3,61607b65f8090ec74528706a,ATK,AF
4,616dad6bf8090ec745288707,Aces!,AF
5,61845f1df8090ec74528af0f,Anarchy Gaming,AF
6,616dacd0f8090ec745288706,Atomic Esports,AF
7,60c467b0490bd8649dd30e50,Aufbau,AF
8,619e5edcf8090ec74528db8c,Ballchasers,AF
9,61e56443c437fde7e02ccb7a,Barney and his Dinosaurs,AF
10,616dad17143c37878b239df7,Benchwarmers,AF
11,61800d6e143c37878b23bcf9,Biju E-sport,AF
12,61f91315c437fde7e02cf01b,Bot Gaming,AF
13,61845f24f8090ec74528af10,Bravado Gaming,AF
14,616dad88f8090ec745288709,Bruhfana Bruhfana,AF
15,61f9135eda9d7ca1c7ba7533,CARZ,AF
16,616dad80143c37878b239dff,CheekClappers,AF
17,616dacb6f8090ec745288705,Clap'em Junction,AF
18,61800d4b143c37878b23bcf5,Crimson,AF
19,621ca1eada9d7ca1c7ba9577,Cryptic,AF
20,619e6385f8090ec74528dc28,DNMK Esports,AF
21,61800d15f8090ec74528a5a3,DWYM,AF
22,61800d02f8090ec74528a5a1,Dapper Dogs,AF
23,619e5eb2f8090ec74528db8a,Digital Devils,AF
24,616dad55143c37878b239dfd,Estya,AF
25,61e56415c437fde7e02ccb76,Evolved Gaming,AF
26,616dacf8143c37878b239df4,Exotic Esports,AF
27,60bb487abd0db240d7a31f4b,Expandas,AF
28,616dad29143c37878b239df8,Expanzees,AF
29,616dad3d143c37878b239dfa,Fast & Serious,AF
30,616dad0d143c37878b239df6,Ghosts,AF
31,61e56468c437fde7e02ccb7e,Havoc Gaming,AF
32,61f9134bda9d7ca1c7ba7532,Hope,AF
33,60bb48dbbd0db240d7a31f50,Inferno,AF
34,61e56476c437fde7e02ccb7f,Kitsune,AF
35,616dad4d143c37878b239dfc,Loadshedding,AF
36,616dadaff8090ec74528870d,Looking For Sponsors,AF
37,619e5f03f8090ec74528db8f,Looking for toes,AF
38,616dacee143c37878b239df3,Lost Legion Giants,AF
39,6183bef2f8090ec74528ab30,MILS Esports,AF
40,60c46798490bd8649dd30e4e,MIST esports,AF
41,616dada5143c37878b239e00,MLGC Tyrants,AF
42,61e56428c437fde7e02ccb78,Meraki Gaming,AF
43,61e56481c437fde7e02ccb80,NO FEAR,AF
44,61e5644ac437fde7e02ccb7b,OFA,AF
45,616dacc5143c37878b239df1,Orgless,AF
46,616dace3143c37878b239df2,Out of Retirement,AF
47,61e5641bc437fde7e02ccb77,PWB,AF
48,60bb483e6d9c1362119ca7cd,Pirates Exdee,AF
49,616dad73f8090ec745288708,Post Flip Gang,AF
50,619e5ec9f8090ec74528db8b,Rocket Squad,AF
51,61b9a492da9d7ca1c7ba39b0,Royalty Esports,AF
52,61800d25143c37878b23bcf4,SLIM TYGER,AF
53,619e5ee4f8090ec74528db8d,SLIM_OFA,AF
54,616dad35143c37878b239df9,ST Gaming,AF
55,61800d5c143c37878b23bcf7,Slapsqueeze,AF
56,61e56452c437fde7e02ccb7c,Suzaku,AF
57,61f91304c437fde7e02cf01a,Synergy Gaming,AF
58,61e5648ac437fde7e02ccb81,TKO Crimson,AF
59,616fe256f8090ec745288710,TKO X1,AF
60,61e5645fc437fde7e02ccb7d,TbK Esport,AF
61,61d966f9c437fde7e02cb5b8,Team Espionage,AF
62,61800d0df8090ec74528a5a2,Team FSN,AF
63,616dad45143c37878b239dfb,Team Tranquility,AF
64,61f9131ec437fde7e02cf01c,The Goats,AF
65,616dad5b143c37878b239dfe,Tier 1,AF
66,616dadb7f8090ec74528870e,Triple Committee FC,AF
67,61e5643ac437fde7e02ccb79,Unity,AF
68,616dacbc143c37878b239df0,Water,AF
69,616dad9ef8090ec74528870c,Wizards On Wheels,AF
70,616dad04143c37878b239df5,X1,AF
71,616dad90f8090ec74528870a,Xclusiv 1 Crimson,AF
72,621ca1f6da9d7ca1c7ba9578,Yankees With No Brim,AF
73,61800d66143c37878b23bcf8,win win,AF
74,6020bc71f1e4807cc7002514,1NE eSports,ASIA
75,616da4f1143c37878b239d48,2 tall cat,ASIA
76,607d7d99473f172e4c0d3972,Aloha,ASIA
77,61e54b6dc437fde7e02cc940,Alpha,ASIA
78,61e7d834c437fde7e02cce85,Aqua,ASIA
79,616063fb143c37878b2387af,Asia manji,ASIA
80,6193da9b143c37878b23dd7f,AtlasGaming,ASIA
81,6161a437143c37878b238956,Axios,ASIA
82,61508f0af8090ec745286778,Azure Esports,ASIA
83,6161a3a4143c37878b238950,BALL,ASIA
84,6194fde2143c37878b23e139,BBS hayabusa,ASIA
85,60bbc8976dcdb413cff64981,BLAST,ASIA
86,616da505143c37878b239d4a,BUHI BUHI TRAIN,ASIA
87,616da51e143c37878b239d4d,BlueBirds,ASIA
88,620a45fcc437fde7e02cff23,BoostBuster,ASIA
89,61895372f8090ec74528ba20,Broerm,ASIA
90,617949fd143c37878b23ad8c,CHEMICAL X,ASIA
91,60bbc89e6dcdb413cff64982,CVent,ASIA
92,61f90b08c437fde7e02ceeb2,Cat Atelier,ASIA
93,61daf03ec437fde7e02cb83e,Clovarity Esports,ASIA
94,615dbd94143c37878b2385b8,DN Enterprises,ASIA
95,6020c2cdf1e4807cc702b558,DanQuo,ASIA
96,61daf0b4c437fde7e02cb844,Dark Rift Esports,ASIA
97,60b63cfdfec4a0857e7ba00c,DeToNator,ASIA
98,60be06919fc1a47e5f111397,DeluxeDream,ASIA
99,61781f5ff8090ec74528947a,Disconnected Esports,ASIA
100,6161a442143c37878b238957,Disparity/Asian Warlords,ASIA
101,6161a460143c37878b23895a,Dothraki,ASIA
102,6161a3bc143c37878b238951,Elusive X,ASIA
103,617949ecf8090ec74528947c,Etern4l,ASIA
104,60c85c7167835678df01547f,Exodus,ASIA
105,616da46ff8090ec745288670,Extra GanDerS,ASIA
106,6194fdc6143c37878b23e136,Fall Mountain,ASIA
107,6160645b143c37878b2387b6,Flu Esports,ASIA
108,6189537af8090ec74528ba21,Friendly Fire Esports,ASIA
109,61917ff0143c37878b23d64e,Frost Esports,ASIA
110,61ee75adda9d7ca1c7ba5d9b,Ghidorah,ASIA
111,61f41829c437fde7e02ce386,God Speed,ASIA
112,616da4bcf8090ec745288676,Gokkies,ASIA
113,616da457143c37878b239d42,GracesBlaze Anima,ASIA
114,61e54b37c437fde7e02cc93e,GracesBlaze Aqua,ASIA
115,616da50d143c37878b239d4b,GracesBlaze Refine,ASIA
116,6180077ff8090ec74528a49d,GracesBlaze Refine,ASIA
117,61e54b75c437fde7e02cc941,Groovy,ASIA
118,6160644d143c37878b2387b5,Halal Men,ASIA
119,620a45e1c437fde7e02cff22,Heart Broken,ASIA
120,616da4d9143c37878b239d45,Hiems DandeLion,ASIA
121,6155d01af8090ec745286bcf,Hilltop Picnic,ASIA
122,61606426143c37878b2387b3,Hiraeth,ASIA
123,6020c077f1e4807cc701d716,Integrity,ASIA
124,6161a457143c37878b238959,J4F,ASIA
125,61718cab143c37878b239f49,KACHIAGE Island,ASIA
126,6194fdcf143c37878b23e137,KokeKoke Kickers,ASIA
127,620a4605c437fde7e02cff24,Kurobi,ASIA
128,616da4cd143c37878b239d44,LV0,ASIA
129,6020bc70f1e4807cc70023c9,Lucky Bounce,ASIA
130,60be16d69fc1a47e5f111475,MONARCH,ASIA
131,6194fdd7143c37878b23e138,MOTI MOTI GAMING,ASIA
132,61800775f8090ec74528a49c,Mandalorian,ASIA
133,61978219f8090ec74528d26c,Method2Madness,ASIA
134,61e54b7cc437fde7e02cc942,Mix Fresh,ASIA
135,61dc3c84c437fde7e02cbdea,Moonboots,ASIA
136,616da4b2f8090ec745288675,N Chiki,ASIA
137,616da477f8090ec745288671,NEXT FRONTIER,ASIA
138,607d7d99473f172e4c0d3970,NOR,ASIA
139,6180075f143c37878b23bc01,NOVEL FRONTIER,ASIA
140,61daf067c437fde7e02cb840,NSF,ASIA
141,618a34bbf8090ec74528bc3c,Night Raid Esports,ASIA
142,60705b5e3960ddb316ab6ca7,Nimmt55,ASIA
143,620a45c7c437fde7e02cff20,No Comms,ASIA
144,61e17394da9d7ca1c7ba44ec,Not Just Associates,ASIA
145,61daf070c437fde7e02cb841,OKAY LETSGO,ASIA
146,61917fb5143c37878b23d64d,Odyssey Esports,ASIA
147,616da515143c37878b239d4c,Okane,ASIA
148,620f4d1cda9d7ca1c7ba880f,Origin Gaming,ASIA
149,61ee75a7da9d7ca1c7ba5d9a,Own Goal Legends,ASIA
150,6020c736f1e4807cc704a179,Parabellum Esports,ASIA
151,61daf0a0c437fde7e02cb842,Penguin Cartel,ASIA
152,60705bee3960ddb316ab76d6,Pineapple Cake,ASIA
153,61f90aafda9d7ca1c7ba73c2,Ponpoko Kickers,ASIA
154,6161a3d9143c37878b238953,Power of Yogurt,ASIA
155,61f90b10c437fde7e02ceeb3,Prickets,ASIA
156,6020c21af1e4807cc7027254,Pulse Clan,ASIA
157,6189538cf8090ec74528ba23,Pumpkings,ASIA
158,61daf0a5c437fde7e02cb843,QWERTY,ASIA
159,616da4fb143c37878b239d49,RESOLUTE,ASIA
160,60be06da490bd8649dd30736,RFLM,ASIA
161,61e54b82c437fde7e02cc943,RhyThM,ASIA
162,621c9aa7da9d7ca1c7ba93f0,RiceBread,ASIA
163,616da4ea143c37878b239d47,Rocket Kickers,ASIA
164,6161a3c3143c37878b238952,Royal Taxi,ASIA
165,61cee7fdda9d7ca1c7ba3b0c,SHIROGANE,ASIA
166,616da481f8090ec745288672,Screaaam!,ASIA
167,616063ef143c37878b2387ae,ScubaDrivers,ASIA
168,61794a27143c37878b23ad8e,Sharma Ji Ka Team,ASIA
169,6160641d143c37878b2387b2,Shoguns,ASIA
170,6161a42a143c37878b238955,Sink n Blink,ASIA
171,61daf05fc437fde7e02cb83f,Slot Machine,ASIA
172,61ee75bbda9d7ca1c7ba5d9c,Slum Gums,ASIA
173,618953b3143c37878b23cf90,Soy Sauce,ASIA
174,616da4c4143c37878b239d43,Spirits of gamer,ASIA
175,60bbc8826dcdb413cff6497f,Sylphide,ASIA
176,60be05759fc1a47e5f111390,Team Alke,ASIA
177,6160642e143c37878b2387b4,Team Atelier,ASIA
178,61671902143c37878b238ed5,Team Celestial,ASIA
179,61daf0bdc437fde7e02cb845,Team Euphraxia,ASIA
180,607d7d99473f172e4c0d3973,Team GanDerS,ASIA
181,620a45b7c437fde7e02cff1e,Team Go-No-Go,ASIA
182,620a45bfc437fde7e02cff1f,Team Grandpas,ASIA
183,61daf081da9d7ca1c7ba3d58,Team India,ASIA
184,61e7d873da9d7ca1c7ba535f,Team Inherits,ASIA
185,616da709143c37878b239d4e,Team Inherits Macro,ASIA
186,616da44f143c37878b239d41,Team Inherits Micro,ASIA
187,61e54b92c437fde7e02cc945,Team Logic,ASIA
188,61606402143c37878b2387b0,Team NazguL,ASIA
189,61ee75cdda9d7ca1c7ba5d9d,Team Resolute Alpha,ASIA
190,620a45d7c437fde7e02cff21,Team Rise,ASIA
191,61f90a8eda9d7ca1c7ba73c0,Tera,ASIA
192,61895397f8090ec74528ba24,The 3 Lads,ASIA
193,60be06819fc1a47e5f111395,The Donks,ASIA
194,6020c2bdf1e4807cc702aed8,Three Rats,ASIA
195,60bbc8518029840609c3b437,Tokyo Verdy Esports,ASIA
196,60c5e0b2490bd8649dd311ee,Trakin,ASIA
197,6160640d143c37878b2387b1,TripleJawa,ASIA
198,61e54b63c437fde7e02cc93f,True Parrots,ASIA
199,61dc3c7ac437fde7e02cbde9,UHUH,ASIA
200,6161a44c143c37878b238958,Veloces,ASIA
201,61794a19143c37878b23ad8d,Vite,ASIA
202,616da4abf8090ec745288674,WWM,ASIA
203,61e54b98c437fde7e02cc946,WYC,ASIA
204,61895383f8090ec74528ba22,Washed,ASIA
205,618953aaf8090ec74528ba26,We Own All,ASIA
206,6161a40a143c37878b238954,Wheel Breakers,ASIA
207,6189539ff8090ec74528ba25,Whiff Collective,ASIA
208,617949e0f8090ec74528947b,Wide Awake,ASIA
209,61800767143c37878b23bc02,Wizard Lizard,ASIA
210,6020c077f1e4807cc701d711,Xayfhers,ASIA
211,621c9a8ada9d7ca1c7ba93ef,Yakiniku,ASIA
212,621c9a81da9d7ca1c7ba93ee,Yamaneko,ASIA
213,61e54b8bc437fde7e02cc944,ZBURA,ASIA
214,61606469143c37878b2387b7,ZNTRA,ASIA
215,60c85c6967835678df01547e,acrimony,ASIA
216,616da488f8090ec745288673,benizakura,ASIA
217,6194fdbe143c37878b23e135,dogma,ASIA
218,616da4e1143c37878b239d46,falseREAL,ASIA
219,61daf07ada9d7ca1c7ba3d57,orgless,ASIA
220,61daf088da9d7ca1c7ba3d59,randoms,ASIA
221,61f90a95da9d7ca1c7ba73c1,spider,ASIA
222,613b735bf8090ec7452851a8,00 Nation,EU
223,6074990c8c85ced5f379e9e0,BS+COMPETITION,EU
224,6020bc70f1e4807cc70023e9,Dignitas,EU
225,616d9760143c37878b239c52,ERN ROAR,EU
226,6020bc70f1e4807cc70023d9,Endpoint,EU
227,6020bc9bf1e4807cc70041b4,Evil Geniuses,EU
228,6020bc9ef1e4807cc70043ba,FC Barcelona,EU
229,6020be81f1e4807cc701475b,Fadeaway,EU
230,615f4545143c37878b23868d,Ferg & Co,EU
231,61923af8f8090ec74528c16b,Germark,EU
232,614ef73ef8090ec7452865af,GigaGuys,EU
233,6020c1e4f1e4807cc702622a,Guild Esports,EU
234,6192a2dd143c37878b23d64f,Heroic,EU
235,60c30e3d490bd8649dd30c96,IziDream,EU
236,60fbc5b887f814e9fbffdcbd,Karmine Corp,EU
237,612c90639d3c410761e8aa0d,Kuxir's Minions,EU
238,61348f9d87f814e9fb000a70,Lille Esport,EU
239,6020bd13f1e4807cc7008e80,London Esports,EU
240,61e693f7c437fde7e02cce7d,Luminosity Gaming,EU
241,61718fe6f8090ec7452888ba,Misfits Gaming,EU
242,6020be9af1e4807cc70151ce,Monkeys,EU
243,61702260143c37878b239f48,Natus Vincere,EU
244,61c5efbec437fde7e02cb4ef,Pepepitos Canyons,EU
245,6020c1d2f1e4807cc7025e1c,Rix.GG,EU
246,6020bd05f1e4807cc7008596,SK Gaming,EU
247,60fe680d87f814e9fbffe57a,SMPR Esports,EU
248,6020bd49f1e4807cc700b1cc,Savage!,EU
249,6020bd98f1e4807cc700dc86,Solary,EU
250,6020bd99f1e4807cc700dc8d,Stormtroopers,EU
251,61e540fcc437fde7e02cc762,T E A,EU
252,6020bd98f1e4807cc700dc74,Team BDS,EU
253,6020c1eff1e4807cc70264ca,Team Liquid,EU
254,6020c2b7f1e4807cc702ac15,Team Queso,EU
255,6020bd4af1e4807cc700b262,Team Singularity,EU
256,6020c370f1e4807cc702fc9c,Team Vitality,EU
257,610850329d3c410761e896d0,The Flying Dutchmen,EU
258,6020bc9ef1e4807cc7004365,Triple Trouble,EU
259,6020bc70f1e4807cc70023a4,Vodafone Giants,EU
260,604dc58a872b4203ad33bd76,WYLDE,EU
261,61547921f8090ec745286ac9,Williams Resolve,EU
262,60fa77cc87f814e9fbffdbab,mamt,EU
263,6020c2a3f1e4807cc702a568,pikete galáctico,EU
264,61502e55143c37878b237d93,yeezys,EU
265,6020bfd8f1e4807cc701ad54,Sandrock Gaming,INT
266,61795188143c37878b23ae92,1ST,ME
267,6020c090f1e4807cc701dfde,25ESPORTS,ME
268,60f48a2a9d3c410761e87f7e,ANKAA,ME
269,61ed2732da9d7ca1c7ba5b2b,AWW YEAH,ME
270,61795172f8090ec7452895b6,Ana Madre wallah,ME
271,6161c1c3143c37878b238969,Argent / 3z / dl fi / Dorv,ME
272,61e176bec437fde7e02cc006,Birds,ME
273,61896720143c37878b23d0a0,Black List,ME
274,61d16980c437fde7e02cb5b5,Cringe,ME
275,61d97057c437fde7e02cb749,FOR THE WIN,ME
276,6020bc87f1e4807cc7003445,Forest Hunters,ME
277,61e18e7dda9d7ca1c7ba4645,Fox Gaming,ME
278,60b88a80b2b828b268c73c6a,Frenzy eSports,ME
279,6161c184143c37878b238966,GRINDING,ME
280,618966e9f8090ec74528bb6e,GreenBurger,ME
281,61896735143c37878b23d0a1,HAT,ME
282,6161c107143c37878b23895e,Hawks eSports,ME
283,6161c0cbf8090ec74528723c,Invaders,ME
284,61d97085c437fde7e02cb74c,Joga Bonito,ME
285,61f2c5fada9d7ca1c7ba686b,KINGS Esports,ME
286,61ed2713da9d7ca1c7ba5b28,Kerntina gang,ME
287,60c467f1490bd8649dd30e57,Knights of Bizertin Rise,ME
288,620a7af1c437fde7e02cff29,Krentina Esports,ME
289,6154271c143c37878b2380a5,Mad Titans,ME
290,61ed271eda9d7ca1c7ba5b29,Missing,ME
291,61d9708fc437fde7e02cb74d,Monsters,ME
292,6116424887f814e9fbfff701,Msheireb Esports,ME
293,61d169b7c437fde7e02cb5b6,Mythical,ME
294,620a7ad9da9d7ca1c7ba840a,Night Crawlers,ME
295,61d9707cc437fde7e02cb74b,Nightmare,ME
296,6020bc87f1e4807cc7003443,OwlArmy,ME
297,6179519c143c37878b23ae94,RPZ,ME
298,618966fdf8090ec74528bb6f,Rapzers Esports,ME
299,6161c0c0f8090ec74528723b,RevSol Team,ME
300,61795194143c37878b23ae93,Revolution,ME
301,6161c19a143c37878b238968,Rey's Esports,ME
302,61795160f8090ec7452895b5,Rise Up,ME
303,61d97068c437fde7e02cb74a,Ruin Your Day,ME
304,61896743143c37878b23d0a3,Rule Breakers,ME
305,60c1e75b9fc1a47e5f11173a,SALT Esports,ME
306,61918083f8090ec74528c16a,SCYTES,ME
307,6161c174143c37878b238964,STRIPS TEAM,ME
308,620a7aa5c437fde7e02cff25,Sanctuary,ME
309,61896708f8090ec74528bb70,Saudi Hurricane,ME
310,6179517f143c37878b23ae91,Senju,ME
311,6020c2a9f1e4807cc702a73d,Sleeping,ME
312,620a7ac9c437fde7e02cff27,Spoilers,ME
313,60a6d5a077582b9feff6969f,Sudor Esports,ME
314,61ed26d9da9d7ca1c7ba5b25,T2K,ME
315,61896710f8090ec74528bb71,TCSs,ME
316,6161c11c143c37878b238960,TM group,ME
317,60bb484abd0db240d7a31f46,Team D7K,ME
318,607d7d97473f172e4c0d3919,Team Falcons,ME
319,620a7abac437fde7e02cff26,Team Frenzy,ME
320,61d970a2c437fde7e02cb74e,Team MDRY,ME
321,61ed2728da9d7ca1c7ba5b2a,Team WaVii,ME
322,6189673d143c37878b23d0a2,The Boneless,ME
323,6161c0d9f8090ec74528723d,The Deadly Boyz,ME
324,6020bf1af1e4807cc7018161,The Evil eSports,ME
325,6161c18e143c37878b238967,The Holy Cows!,ME
326,61795169143c37878b23ae90,The Steel Team,ME
327,607d7d97473f172e4c0d391a,The Ultimates,ME
328,6161c0fa143c37878b23895d,Tornado,ME
329,60bb486dbd0db240d7a31f49,Triple Threat,ME
330,6161c17e143c37878b238965,Trouble Team,ME
331,61ed26f9da9d7ca1c7ba5b27,Tuchel,ME
332,61795143f8090ec7452895b3,Uchiha,ME
333,620a7ad1c437fde7e02cff28,Vibers,ME
334,6161c13b143c37878b238962,Volume Zero,ME
335,61ed26dfda9d7ca1c7ba5b26,Wolves,ME
336,60c1e7489fc1a47e5f111738,You're Throwing,ME
337,6161c126143c37878b238961,comma,ME
338,61795150f8090ec7452895b4,quadruple,ME
339,6161c111143c37878b23895f,ruthlessly,ME
340,6161c161143c37878b238963,sNv,ME
341,6161c1e2143c37878b23896c,sdf,ME
342,6161c1d7143c37878b23896b,slow gang,ME
343,620a7b09da9d7ca1c7ba840b,uchiha',ME
344,614ad5c8f8090ec745286298,AXLE-R8,NA
345,62057f92c437fde7e02cfc76,Akrew,NA
346,6020bd99f1e4807cc700dcc7,AllMid,NA
347,6020c5e8f1e4807cc704100d,Buckos,NA
348,6020bd98f1e4807cc700dc2c,Charlotte Phoenix,NA
349,604e560701d675f81a96a982,Circuitry Gaming,NA
350,6020bc96f1e4807cc7003e29,Complexity Gaming,NA
351,605aca6853a71a78eacbc155,FaZe Clan,NA
352,6020c737f1e4807cc704a1fa,Farmville,NA
353,6052aee4decc2ea0859dca06,Flashes of Brilliance,NA
354,6020bc70f1e4807cc70023a5,G2 Esports,NA
355,60b345f8fec4a0857e7b9b7d,Gentlemen,NA
356,6020bc70f1e4807cc70023fd,Ghost Gaming,NA
357,6020c306f1e4807cc702ce56,Integrity Esports,NA
358,61cf5a62da9d7ca1c7ba3b0d,Manzana,NA
359,6020bc70f1e4807cc70023a0,NRG Esports,NA
360,61d16934c437fde7e02cb5b4,NXT Esports,NA
361,6020bca8f1e4807cc7004b59,Nefarious,NA
362,6020bd98f1e4807cc700dc33,Oxygen Esports,NA
363,6162cbebf8090ec745287379,Pickup,NA
364,6020c1bef1e4807cc70258d0,Pioneers,NA
365,6020bd98f1e4807cc700dc08,Pittsburgh Knights,NA
366,61598022f8090ec745286ce0,Prestige Esports,NA
367,6020bc96f1e4807cc7003e2f,RBG Esports,NA
368,6020c3eef1e4807cc7033147,Randoms,NA
369,6020bc70f1e4807cc7002386,Rogue,NA
370,6081af87b35d3cf552e29721,Shopify Rebellion,NA
371,6020bc70f1e4807cc7002389,Spacestation Gaming,NA
372,6020bd98f1e4807cc700dc34,Susquehanna Soniqs,NA
373,602b2e94a34823c27b17b8b5,Team .EXE,NA
374,60ac16e8c8a2cd889fbbc45b,Team DVS,NA
375,6020bc70f1e4807cc70023b2,Team Envy,NA
376,60c8760388116f536df96be7,Team PWR,NA
377,6118c57d87f814e9fbfff817,Top Leh,NA
378,6155f238f8090ec745286bd0,Torrent,NA
379,6020bda0f1e4807cc700e078,True Neutral,NA
380,6020c1cdf1e4807cc7025d03,Version1,NA
381,6020c306f1e4807cc702ce5f,Vibrance,NA
382,6020c1bff1e4807cc7025907,XSET,NA
383,6156be6e143c37878b238335,Yo NA,NA
384,6020bd97f1e4807cc700dbe0,eUnited,NA
385,6020bd6bf1e4807cc700c5fe,sup,NA
386,6020c717f1e4807cc70490d6,1620 Kings,OCE
387,61ee7c03da9d7ca1c7ba5eb7,Allardice Gaming,OCE
388,61d80a3dc437fde7e02cb5b7,Antic Esports,OCE
389,61dc0fc7c437fde7e02cb9d7,BAD,OCE
390,6155c91a143c37878b2382c2,BEASTIN OUT,OCE
391,61dc0fe0c437fde7e02cb9da,Badonkadank,OCE
392,60ceea8788116f536df972cc,Bandits ESC,OCE
393,604e562301d675f81a96aea6,Big GOOSE,OCE
394,616174ed143c37878b2388ca,Bougee's Angels,OCE
395,61dc0fcec437fde7e02cb9d8,Brainstorm Oceania,OCE
396,615c06c0143c37878b23856a,Bros On Their Toes,OCE
397,60af6ba82bf963fcf08ef7f1,Clarity Esports,OCE
398,61741b16143c37878b23a740,Collateral eSports,OCE
399,618947bcf8090ec74528b8d4,Corn Titans,OCE
400,61f857ccc437fde7e02cec41,Da Babies,OCE
401,617956c3f8090ec74528962c,Deft,OCE
402,6020bc8ef1e4807cc7003915,Dire Wolves,OCE
403,60fd886f9d3c410761e88b8a,Eclipse Esports,OCE
404,6167e10c143c37878b238ef7,Fire Breathing Rubber Duckies,OCE
405,615ffec8143c37878b23868f,Forkidden,OCE
406,618947c7143c37878b23cdeb,Gaming United Esports Club Academy White,OCE
407,6020bc8ef1e4807cc700391a,Ground Zero Gaming,OCE
408,616174d5f8090ec745287192,HMS Endeavor,OCE
409,61d81154da9d7ca1c7ba3b0f,IDK,OCE
410,61dc0fbfc437fde7e02cb9d6,Illuvium,OCE
411,61ee7c0dda9d7ca1c7ba5eb8,Jolly Squad,OCE
412,604e55b701d675f81a969130,JoshOC,OCE
413,620a44a8c437fde7e02cff1d,Just Go For It,OCE
414,61434b89f8090ec745285e81,Lost In the Sauce,OCE
415,61ee7be3da9d7ca1c7ba5eb5,Motorollin,OCE
416,60c1e2879fc1a47e5f1116c8,Panik Gaming,OCE
417,61ee7bcbda9d7ca1c7ba5eb2,Physicists,OCE
418,61f91911da9d7ca1c7ba75c6,Punjabi Power,OCE
419,6020bec4f1e4807cc70163fc,R!OT Gaming,OCE
420,60ffd7dc9d3c410761e88c74,Rancid Rats Reborn,OCE
421,614c8930f8090ec745286474,Ranga Roundup,OCE
422,617a9839143c37878b23b091,Red Crown Esports,OCE
423,6020bc70f1e4807cc70023fb,Renegades,OCE
424,616174e2143c37878b2388c9,Rust-eze,OCE
425,61ee7bdbda9d7ca1c7ba5eb4,Serenity,OCE
426,6155c911143c37878b2382c1,Smasha5000,OCE
427,6162cac9143c37878b238ab1,Team Bliss,OCE
428,6091ad1bd50a7d046663343d,Team Eros,OCE
429,61ee7bf6da9d7ca1c7ba5eb6,TeamForward,OCE
430,61ee7bd4da9d7ca1c7ba5eb3,The CEOs,OCE
431,615c068f143c37878b238569,The Grogans,OCE
432,620f4b0dc437fde7e02d0274,The Kibbles,OCE
433,61cc5462da9d7ca1c7ba3a3a,The Sussmen,OCE
434,6129f47987f814e9fb00020c,Tisi,OCE
435,6156d4db143c37878b238367,Trident Esports,OCE
436,6020c1fbf1e4807cc7026852,Vort Central,OCE
437,6020c3a2f1e4807cc70312c5,Wazooo,OCE
438,615332c4143c37878b237fa6,Wildcard Gaming,OCE
439,612c8bf39d3c410761e8a9a1,Zinger Box Bandits,OCE
440,61dc0fd8c437fde7e02cb9d9,bros on bros,OCE
441,615580e2f8090ec745286b17,joE,OCE
442,61dc0fb3c437fde7e02cb9d5,shojulli,OCE
443,60705c413960ddb316ab853c,"Ainda, cria",SAM
444,61e55ba9c437fde7e02ccab2,Allium,SAM
445,61950b29143c37878b23e2ce,Ankor Gaming,SAM
446,621c933cda9d7ca1c7ba92fc,Anota a Placa,SAM
447,6020bda0f1e4807cc700e0da,Atypical,SAM
448,61f85737da9d7ca1c7ba70fa,Avarice,SAM
449,61801239143c37878b23bdb3,Ballistic,SAM
450,61950b30143c37878b23e2cf,Benz Truck,SAM
451,6020bda0f1e4807cc700e066,Chromax,SAM
452,61e55b94c437fde7e02ccab0,Cosmic Wolf,SAM
453,6020c1bcf1e4807cc702582e,Dracon Esports,SAM
454,6126727a9d3c410761e8a74a,Dream Conspiracy,SAM
455,6165d28ef8090ec7452876f4,Elevate,SAM
456,616d8bb3f8090ec745288327,Emit7,SAM
457,6173268ef8090ec745288bdf,EndGame,SAM
458,61801241143c37878b23bdb4,Endlxss Team,SAM
459,6020bc70f1e4807cc70023d6,FTW Esports,SAM
460,6065dbab45122f213019c81f,FURIA Esports,SAM
461,6180125a143c37878b23bdb5,Flip FC,SAM
462,61801260143c37878b23bdb6,Freedom,SAM
463,61f904b6da9d7ca1c7ba7307,Garibaldo de bilutetéia,SAM
464,61864548143c37878b23c560,Guidance Gaming,SAM
465,6020c682f1e4807cc7044ec8,InControl Nation,SAM
466,613cfef4143c37878b23724d,Insight,SAM
467,6169f5ba143c37878b23960b,KRÜ Esports,SAM
468,61e55b4dc437fde7e02ccaab,LeaveNoWitness,SAM
469,6020be9ef1e4807cc701544d,Legacy,SAM
470,617fe48f143c37878b23bae9,Leviatán Esports,SAM
471,6020bda0f1e4807cc700e070,Locusts,SAM
472,61e55b57c437fde7e02ccaac,Los Malvekes,SAM
473,60500eef097037e8dbbe9978,Naiz Esports,SAM
474,615ffe0e143c37878b23868e,Neoxy Team,SAM
475,616d8bc3f8090ec745288328,Nice Try!,SAM
476,6020bd05f1e4807cc7008599,Noble esports,SAM
477,6020c204f1e4807cc7026b92,Nocturns Gaming,SAM
478,6020c5d3f1e4807cc704066d,Novus Aevi,SAM
479,60500ef0097037e8dbbe998c,Papo de Visão,SAM
480,616d8bcef8090ec745288329,Paradise,SAM
481,616d8bd5f8090ec74528832a,Qshaws,SAM
482,60bb5046bd0db240d7a31fa7,RED,SAM
483,61950b38143c37878b23e2d0,Resiliency,SAM
484,6020bf52f1e4807cc7018ede,Ruby,SAM
485,60bb4febbd0db240d7a31fa4,SACRED INFINITY,SAM
486,61e55b6dc437fde7e02ccaae,Scarlet Esports,SAM
487,6020bda0f1e4807cc700e08e,Shoot'em,SAM
488,6020bcd5f1e4807cc7006767,Team Secret,SAM
489,616703ce143c37878b238e92,Team Signal,SAM
490,6020bde1f1e4807cc700f7a1,The Three Sins,SAM
491,615894d0143c37878b238419,Timeless,SAM
492,61e55b63c437fde7e02ccaad,Treino de bíceps,SAM
493,61e55b9ec437fde7e02ccab1,Tropa do Zeca,SAM
494,6020c48cf1e4807cc7036fd9,Vegas Inferno,SAM
495,614c905df8090ec74528649d,Vipers eSports,SAM
496,60be11c99fc1a47e5f11142f,Wifu,SAM
497,61e55b85c437fde7e02ccaaf,Wilson Impressoras,SAM
498,621c9343da9d7ca1c7ba92fd,aquarose,SAM
499,60500eef097037e8dbbe9987,bandido não dança,SAM
500,6020bce6f1e4807cc70071af,eRa Eternity,SAM
501,61f904c2da9d7ca1c7ba7308,heart alligator,SAM
